﻿<?xml version="1.0" encoding="utf-8"?>
<List xmlns:ows="Microsoft SharePoint" Title="RPXReportMarkUpsList" FolderCreation="FALSE" Direction="$Resources:Direction;" Url="Lists/RPXDev-RPXReportMarkUpsList" BaseType="0" xmlns="http://schemas.microsoft.com/sharepoint/">
  <MetaData>
    <ContentTypes>
      <ContentType ID="0x010019985447ca5b4d40b4be270f8a117f8d" Name="RPXDev - RPXReportMarkUpsCT" Group="Custom Content Types" Description="My Content Type" Inherits="TRUE" Version="0">
        <FieldRefs>
          <FieldRef DisplayName="ReportType" Required="FALSE" Format="Dropdown" ID="{854bc8ae-c758-4cfc-9498-11c6440811a9}" Name="ReportType" />
          <FieldRef DisplayName="ReportMarkUp" Required="FALSE" NumLines="6" Sortable="FALSE" ID="{ebcf8a6e-0afb-4845-a7f9-58ce717b9262}" Name="ReportMarkUp" />
        </FieldRefs>
      </ContentType>
    </ContentTypes>
    <Fields>
      <Field Type="Choice" DisplayName="ReportType" Required="FALSE" EnforceUniqueValues="FALSE" Indexed="FALSE" Format="Dropdown" FillInChoice="FALSE" Group="RPXSiteColumns" ID="{854bc8ae-c758-4cfc-9498-11c6440811a9}" SourceID="{c5387cda-6cc5-428d-910b-3a02c79ca9eb}" StaticName="ReportType" Name="ReportType" Customization="">
    <Default>Sales force</Default>
    <CHOICES>
      <CHOICE>Sales force</CHOICE>
      <CHOICE>Tableau</CHOICE>
      <CHOICE>Micro Strategy</CHOICE>
      <CHOICE>Pdf</CHOICE>
      <CHOICE>Excel</CHOICE>
    </CHOICES>
  </Field>
      <Field Type="Note" DisplayName="ReportMarkUp" Required="FALSE" EnforceUniqueValues="FALSE" Indexed="FALSE" NumLines="6" RichText="FALSE" Sortable="FALSE" ID="{ebcf8a6e-0afb-4845-a7f9-58ce717b9262}" SourceID="{915f2e59-c58f-4aa8-b37d-4cb648172c34}" StaticName="ReportMarkUp" Name="ReportMarkUp" ColName="ntext3" RowOrdinal="0" />
    </Fields>
    <Views>
      <View BaseViewID="0" Type="HTML" MobileView="TRUE" TabularView="FALSE">
        <Toolbar Type="Standard" />
        <XslLink Default="TRUE">main.xsl</XslLink>
        <RowLimit Paged="TRUE">30</RowLimit>
        <ViewFields>
          <FieldRef Name="LinkTitleNoMenu">
          </FieldRef>
        </ViewFields>
        <Query>
          <OrderBy>
            <FieldRef Name="Modified" Ascending="FALSE">
            </FieldRef>
          </OrderBy>
        </Query>
        <ParameterBindings>
          <ParameterBinding Name="AddNewAnnouncement" Location="Resource(wss,addnewitem)" />
          <ParameterBinding Name="NoAnnouncements" Location="Resource(wss,noXinviewofY_LIST)" />
          <ParameterBinding Name="NoAnnouncementsHowTo" Location="Resource(wss,noXinviewofY_ONET_HOME)" />
        </ParameterBindings>
      </View>
      <View BaseViewID="1" Type="HTML" WebPartZoneID="Main" DisplayName="$Resources:core,objectiv_schema_mwsidcamlidC24;" DefaultView="TRUE" MobileView="TRUE" MobileDefaultView="TRUE" SetupPath="pages\viewpage.aspx" ImageUrl="/_layouts/images/generic.png" Url="AllItems.aspx">
        <Toolbar Type="Standard" />
        <XslLink Default="TRUE">main.xsl</XslLink>
        <RowLimit Paged="TRUE">30</RowLimit>
        <ViewFields>
          <FieldRef Name="Attachments">
          </FieldRef>
          <FieldRef Name="LinkTitle">
          </FieldRef>
          <FieldRef Name="ReportType"/>
          <FieldRef Name="ReportMarkUp"/>
        </ViewFields>
        <Query>
          <OrderBy>
            <FieldRef Name="ID">
            </FieldRef>
          </OrderBy>
        </Query>
        <ParameterBindings>
          <ParameterBinding Name="NoAnnouncements" Location="Resource(wss,noXinviewofY_LIST)" />
          <ParameterBinding Name="NoAnnouncementsHowTo" Location="Resource(wss,noXinviewofY_DEFAULT)" />
        </ParameterBindings>
      </View>
    </Views>
    <Forms>
      <Form Type="DisplayForm" Url="DispForm.aspx" SetupPath="pages\form.aspx" WebPartZoneID="Main" />
      <Form Type="EditForm" Url="EditForm.aspx" SetupPath="pages\form.aspx" WebPartZoneID="Main" />
      <Form Type="NewForm" Url="NewForm.aspx" SetupPath="pages\form.aspx" WebPartZoneID="Main" />
    </Forms>
  </MetaData>
</List>