<?xml version="1.0" encoding="utf-8"?>
<List xmlns:ows="Microsoft SharePoint" Title="RpxLinksList" FolderCreation="FALSE" Direction="$Resources:Direction;" Url="Lists/RPXDev-RpxLinksList" BaseType="0" xmlns="http://schemas.microsoft.com/sharepoint/">
  <MetaData>
    <ContentTypes>
      <ContentType ID="0x01000713062BE86443178C6BCA34320670A8" Name="RpxLinksCT" Group="Custom Content Types" Description="My Content Type" Inherits="TRUE" Version="0">
        <FieldRefs>
          <FieldRef ID="{2cb90c8d-10af-4518-8b03-cb2ce26d27a6}" DisplayName="Open In New Window" Required="FALSE" Name="OpenInNewWindow" />
          <FieldRef ID="{e6fc2d2d-4960-420c-a0ce-bb68c676579f}" DisplayName="Target Url" Required="FALSE" Name="TargetUrl" Format="Hyperlink"  />
        </FieldRefs>
      </ContentType>
    </ContentTypes>
    <Fields>
      <Field ID="{2cb90c8d-10af-4518-8b03-cb2ce26d27a6}" Name="OpenInNewWindow" DisplayName="Open In New Window" Type="Choice" Required="FALSE" Group="Custom Site Columns">
        <Default>False</Default>
        <CHOICES>
          <CHOICE>True</CHOICE>
          <CHOICE>False</CHOICE>
        </CHOICES>
      </Field>
      <Field Type="URL" DisplayName="Target Url"
         Required="FALSE" EnforceUniqueValues="FALSE"
         Indexed="FALSE" Format="Hyperlink" Group="Custom Columns"
         ID="{e6fc2d2d-4960-420c-a0ce-bb68c676579f}"
         SourceID="{e6f8cd36-94b0-48c6-9089-db39514e6f91}"
         StaticName="TargetUrl" Name="TargetUrl">
      </Field>
    </Fields>
    <Views>
      <View BaseViewID="0" Type="HTML" MobileView="TRUE" TabularView="FALSE">
        <Toolbar Type="Standard" />
        <XslLink Default="TRUE">main.xsl</XslLink>
        <RowLimit Paged="TRUE">30</RowLimit>
        <ViewFields>
          <FieldRef Name="LinkTitleNoMenu">
          </FieldRef>
        </ViewFields>
        <Query>
          <OrderBy>
            <FieldRef Name="Modified" Ascending="FALSE">
            </FieldRef>
          </OrderBy>
        </Query>
        <ParameterBindings>
          <ParameterBinding Name="AddNewAnnouncement" Location="Resource(wss,addnewitem)" />
          <ParameterBinding Name="NoAnnouncements" Location="Resource(wss,noXinviewofY_LIST)" />
          <ParameterBinding Name="NoAnnouncementsHowTo" Location="Resource(wss,noXinviewofY_ONET_HOME)" />
        </ParameterBindings>
      </View>
      <View BaseViewID="1" Type="HTML" WebPartZoneID="Main" DisplayName="$Resources:core,objectiv_schema_mwsidcamlidC24;" DefaultView="TRUE" MobileView="TRUE" MobileDefaultView="TRUE" SetupPath="pages\viewpage.aspx" ImageUrl="/_layouts/images/generic.png" Url="AllItems.aspx">
        <Toolbar Type="Standard" />
        <XslLink Default="TRUE">main.xsl</XslLink>
        <RowLimit Paged="TRUE">30</RowLimit>
        <ViewFields>
          <FieldRef Name="Attachments"/>
          <FieldRef Name="LinkTitle"/>
          <FieldRef Name="TargetUrl"/>
          <FieldRef Name="OpenInNewWindow"/>
        </ViewFields>
        <Query>
          <OrderBy>
            <FieldRef Name="ID">
            </FieldRef>
          </OrderBy>
        </Query>
        <ParameterBindings>
          <ParameterBinding Name="NoAnnouncements" Location="Resource(wss,noXinviewofY_LIST)" />
          <ParameterBinding Name="NoAnnouncementsHowTo" Location="Resource(wss,noXinviewofY_DEFAULT)" />
        </ParameterBindings>
      </View>
    </Views>
    <Forms>
      <Form Type="DisplayForm" Url="DispForm.aspx" SetupPath="pages\form.aspx" WebPartZoneID="Main" />
      <Form Type="EditForm" Url="EditForm.aspx" SetupPath="pages\form.aspx" WebPartZoneID="Main" />
      <Form Type="NewForm" Url="NewForm.aspx" SetupPath="pages\form.aspx" WebPartZoneID="Main" />
    </Forms>
  </MetaData>
</List>
