﻿<?xml version="1.0" encoding="utf-8"?>
<Elements xmlns="http://schemas.microsoft.com/sharepoint/">
  <Module Name="PageLayout" Url="_catalogs/masterpage">
    <File Path="PageLayout\RPXPageLayout.aspx" Url="RPXPageLayout.aspx" Type="GhostableInLibrary">
      
      <Property Name="Title" Value="RPXPageLayout"/>
      <Property Name="Description" Value="RPXPageLayout"/>
      <Property Name="ContentType" Value ="$Resources:cmscore,contenttype_pagelayout_name;"/>
      <Property Name="PublishingAssociatedContentType" Value=";#$Resources:cmscore,contenttype_articlepage_name;;#0x010100C568DB52D9D0A14D9B2FDCC96666E9F2007948130EC3DB064584E219954237AF3900242457EFB8B24247815D688C526CD44D0000D92A87987E4D10A040611C535EA154" />

    
     
    </File>
  </Module>
</Elements>