﻿<?xml version="1.0" encoding="utf-8"?>
<Solution xmlns="http://schemas.microsoft.com/sharepoint/" SolutionId="383efd6b-6329-47d7-87f9-e8e9bd0ec52e" SharePointProductVersion="14.0">
  <Assemblies>
    <Assembly Location="Newtonsoft.Json.dll" DeploymentTarget="GlobalAssemblyCache">
      <SafeControls>
        <SafeControl Assembly="Newtonsoft.Json" Namespace="Newtonsoft.Json" TypeName="*" />
      </SafeControls>
    </Assembly>
    <Assembly Location="RPXDev.dll" DeploymentTarget="GlobalAssemblyCache">
      <SafeControls>
        <SafeControl Assembly="RPXDev, Version=1.0.0.0, Culture=neutral, PublicKeyToken=a3c09701aee470c8" Namespace="RPXDev.RPXLinksWebPart" TypeName="*" />
      </SafeControls>
    </Assembly>
  </Assemblies>
  <TemplateFiles>
    <TemplateFile Location="CONTROLTEMPLATES\RPXDev\RPXLinksWebPart\RPXLinksWebPartUserControl.ascx" />
    <TemplateFile Location="CONTROLTEMPLATES\RPXControls\ReportEditorUC.ascx" />
    <TemplateFile Location="CONTROLTEMPLATES\RPXControls\TopNavMenu.ascx" />
    <TemplateFile Location="Layouts\RPXDev\CSS\Twitterbootstrap\bootstrap-theme.css.map" />
    <TemplateFile Location="Layouts\RPXDev\CSS\Twitterbootstrap\bootstrap.css.map" />
    <TemplateFile Location="Layouts\RPXDev\JS\Lib\FileTree\connectors\jqueryFileTree.cf" />
    <TemplateFile Location="Layouts\RPXDev\JS\Lib\FileTree\connectors\jqueryFileTree.jsp" />
    <TemplateFile Location="Layouts\RPXDev\JS\Lib\FileTree\connectors\jqueryFileTree.php" />
    <TemplateFile Location="Layouts\RPXDev\JS\Lib\FileTree\connectors\jqueryFileTree.pl" />
    <TemplateFile Location="Layouts\RPXDev\JS\Lib\FileTree\connectors\jqueryFileTree.py" />
    <TemplateFile Location="Layouts\RPXDev\JS\Lib\FileTree\connectors\jqueryFileTree.rb" />
    <TemplateFile Location="Layouts\RPXDev\JS\Lib\FileTree\connectors\jqueryFileTree_huck.lasso" />
    <TemplateFile Location="Layouts\RPXDev\JS\Lib\FileTree\connectors\jqueryFileTree_sabourdin.lasso" />
    <TemplateFile Location="Layouts\RPXDev\CSS\component.css" />
    <TemplateFile Location="Layouts\RPXDev\CSS\default.css" />
    <TemplateFile Location="Layouts\RPXDev\CSS\FileTree\images\application.png" />
    <TemplateFile Location="Layouts\RPXDev\CSS\FileTree\images\code.png" />
    <TemplateFile Location="Layouts\RPXDev\CSS\FileTree\images\css.png" />
    <TemplateFile Location="Layouts\RPXDev\CSS\FileTree\images\db.png" />
    <TemplateFile Location="Layouts\RPXDev\CSS\FileTree\images\directory.png" />
    <TemplateFile Location="Layouts\RPXDev\CSS\FileTree\images\doc.png" />
    <TemplateFile Location="Layouts\RPXDev\CSS\FileTree\images\file.png" />
    <TemplateFile Location="Layouts\RPXDev\CSS\FileTree\images\film.png" />
    <TemplateFile Location="Layouts\RPXDev\CSS\FileTree\images\flash.png" />
    <TemplateFile Location="Layouts\RPXDev\CSS\FileTree\images\folder_open.png" />
    <TemplateFile Location="Layouts\RPXDev\CSS\FileTree\images\html.png" />
    <TemplateFile Location="Layouts\RPXDev\CSS\FileTree\images\java.png" />
    <TemplateFile Location="Layouts\RPXDev\CSS\FileTree\images\linux.png" />
    <TemplateFile Location="Layouts\RPXDev\CSS\FileTree\images\music.png" />
    <TemplateFile Location="Layouts\RPXDev\CSS\FileTree\images\pdf.png" />
    <TemplateFile Location="Layouts\RPXDev\CSS\FileTree\images\php.png" />
    <TemplateFile Location="Layouts\RPXDev\CSS\FileTree\images\picture.png" />
    <TemplateFile Location="Layouts\RPXDev\CSS\FileTree\images\ppt.png" />
    <TemplateFile Location="Layouts\RPXDev\CSS\FileTree\images\psd.png" />
    <TemplateFile Location="Layouts\RPXDev\CSS\FileTree\images\ruby.png" />
    <TemplateFile Location="Layouts\RPXDev\CSS\FileTree\images\script.png" />
    <TemplateFile Location="Layouts\RPXDev\CSS\FileTree\images\spinner.gif" />
    <TemplateFile Location="Layouts\RPXDev\CSS\FileTree\images\txt.png" />
    <TemplateFile Location="Layouts\RPXDev\CSS\FileTree\images\xls.png" />
    <TemplateFile Location="Layouts\RPXDev\CSS\FileTree\images\zip.png" />
    <TemplateFile Location="Layouts\RPXDev\CSS\FileTree\jqueryFileTree.css" />
    <TemplateFile Location="Layouts\RPXDev\CSS\jquery-ui.min.css" />
    <TemplateFile Location="Layouts\RPXDev\CSS\jquery.ez.menu.min.css" />
    <TemplateFile Location="Layouts\RPXDev\CSS\Reset_CoreV4.css" />
    <TemplateFile Location="Layouts\RPXDev\CSS\RPX.css" />
    <TemplateFile Location="Layouts\RPXDev\CSS\SmartWizard\smart_wizard.css" />
    <TemplateFile Location="Layouts\RPXDev\CSS\SmartWizard\smart_wizard_vertical.css" />
    <TemplateFile Location="Layouts\RPXDev\CSS\jquery.scrollpane.css" />
    <TemplateFile Location="Layouts\RPXDev\CSS\Twitterbootstrap\bootstrap-theme.css" />
    <TemplateFile Location="Layouts\RPXDev\CSS\Twitterbootstrap\bootstrap-theme.min.css" />
    <TemplateFile Location="Layouts\RPXDev\CSS\Twitterbootstrap\bootstrap.css" />
    <TemplateFile Location="Layouts\RPXDev\CSS\Twitterbootstrap\bootstrap.min.css" />
    <TemplateFile Location="Layouts\RPXDev\Images\arrow.gif" />
    <TemplateFile Location="Layouts\RPXDev\Images\arrowdwn.png" />
    <TemplateFile Location="Layouts\RPXDev\Images\arrowdwn1.png" />
    <TemplateFile Location="Layouts\RPXDev\Images\arrowrgt.png" />
    <TemplateFile Location="Layouts\RPXDev\Images\arrowrgt1.png" />
    <TemplateFile Location="Layouts\RPXDev\Images\favicon.ico" />
    <TemplateFile Location="Layouts\RPXDev\Images\loading.gif" />
    <TemplateFile Location="Layouts\RPXDev\Images\logo2.png" />
    <TemplateFile Location="Layouts\RPXDev\Images\RPX-Logo.gif" />
    <TemplateFile Location="Layouts\RPXDev\JS\classie.js" />
    <TemplateFile Location="Layouts\RPXDev\JS\common.js" />
    <TemplateFile Location="Layouts\RPXDev\JS\IE10Fix.js" />
    <TemplateFile Location="Layouts\RPXDev\JS\jquery.mousewheel.js" />
    <TemplateFile Location="Layouts\RPXDev\JS\jquery.scrollpane.min.js" />
    <TemplateFile Location="Layouts\RPXDev\JS\Lib\FileTree\connectors\jqueryFileTree.asp" />
    <TemplateFile Location="Layouts\RPXDev\JS\Lib\FileTree\connectors\jqueryFileTree.aspx" />
    <TemplateFile Location="Layouts\RPXDev\JS\Lib\FileTree\jquery.easing.1.3.js" />
    <TemplateFile Location="Layouts\RPXDev\JS\Lib\FileTree\jqueryFileTree.js" />
    <TemplateFile Location="Layouts\RPXDev\JS\Lib\JQuery\jquery-1.8.2.intellisense.js" />
    <TemplateFile Location="Layouts\RPXDev\JS\Lib\JQuery\jquery-1.8.2.js" />
    <TemplateFile Location="Layouts\RPXDev\JS\Lib\JQuery\jquery-1.8.2.min.js" />
    <TemplateFile Location="Layouts\RPXDev\JS\Lib\JQuery\jquery-ui-1.8.24.js" />
    <TemplateFile Location="Layouts\RPXDev\JS\Lib\JQuery\jquery-ui-1.8.24.min.js" />
    <TemplateFile Location="Layouts\RPXDev\JS\Lib\JQuery\jquery.ez.menu.js" />
    <TemplateFile Location="Layouts\RPXDev\JS\Lib\JQuery\jquery.ez.menu.min.js" />
    <TemplateFile Location="Layouts\RPXDev\JS\Lib\modernizr.custom.js" />
    <TemplateFile Location="Layouts\RPXDev\JS\Lib\SmartWizard\jquery-1.4.2.min.js" />
    <TemplateFile Location="Layouts\RPXDev\JS\Lib\SmartWizard\jquery.smartWizard-2.0.js" />
    <TemplateFile Location="Layouts\RPXDev\JS\Lib\SmartWizard\jquery.smartWizard-2.0.min.js" />
    <TemplateFile Location="Layouts\RPXDev\JS\Lib\Twitterbootstrap\bootstrap.js" />
    <TemplateFile Location="Layouts\RPXDev\JS\Lib\Twitterbootstrap\bootstrap.min.js" />
    <TemplateFile Location="Layouts\RPXDev\JS\RPX.js" />
    <TemplateFile Location="Layouts\RPXDev\UrlBrowser\FileBrowser.html" />
    <TemplateFile Location="Layouts\RPXDev\UrlBrowser\ReportUrlPicker.html" />
    <TemplateFile Location="Layouts\RPXXLViewer.aspx" />
    <TemplateFile Location="Layouts\RPXDev\UrlBrowser\RPX.SL.xap" />
  </TemplateFiles>
  <FeatureManifests>
    <FeatureManifest Location="RPXDev_RPXPageLayoutFeature\Feature.xml" />
  </FeatureManifests>
</Solution>