<?xml version="1.0" encoding="utf-8"?>
<Feature xmlns="http://schemas.microsoft.com/sharepoint/" AlwaysForceInstall="TRUE" Id="96917ceb-adb5-473f-a039-119202280e37" ReceiverAssembly="RPXDev, Version=1.0.0.0, Culture=neutral, PublicKeyToken=a3c09701aee470c8" ReceiverClass="RPXDev.Features.RPXPageLayoutFeature.RPXPageLayoutFeatureEventReceiver" Scope="Site" Title="RPXPageLayoutFeature">
  <ElementManifests>
    <ElementManifest Location="PageLayout\Elements.xml" />
    <ElementFile Location="PageLayout\RPXPageLayout.aspx" />
    <ElementManifest Location="RPXCustomPageLayoutCT\Elements.xml" />
    <ElementManifest Location="RPXSiteColumns\Elements.xml" />
    <ElementManifest Location="RPXLinksWebPart\Elements.xml" />
    <ElementFile Location="RPXLinksWebPart\RPXLinksWebPart.webpart" />
    <ElementManifest Location="RpxUsefulLinksCT\Elements.xml" />
    <ElementManifest Location="RpxLinksList\Elements.xml" />
    <ElementFile Location="RpxLinksList\Schema.xml" />
    <ElementManifest Location="RPXReportMarkUpsCT\Elements.xml" />
    <ElementManifest Location="MasterPageModule\Elements.xml" />
    <ElementFile Location="MasterPageModule\RPX.master" />
  </ElementManifests>
</Feature>
