﻿<?xml version="1.0" encoding="utf-8"?>
<Elements xmlns="http://schemas.microsoft.com/sharepoint/">
  <!-- Parent ContentType: Article Page (0x010100C568DB52D9D0A14D9B2FDCC96666E9F2007948130EC3DB064584E219954237AF3900242457EFB8B24247815D688C526CD44D) -->
  <ContentType ID="0x010100C568DB52D9D0A14D9B2FDCC96666E9F2007948130EC3DB064584E219954237AF3900242457EFB8B24247815D688C526CD44D0000D92A87987E4D10A040611C535EA154"
               Name="RPXDev - RPXCustomPageLayoutCT"
               Group="Custom Content Types"
               Description="RPX Page Lyout content type"
               Inherits="TRUE"
               Version="0"
               Overwrite="TRUE"
               >

    <FieldRefs>

      <FieldRef DisplayName="PageDisplayName" Required="FALSE"
               ID="{68838dfc-676a-4593-9bd5-7b22d1135c54}"
               Name="PageDisplayName"/>

      <FieldRef DisplayName="PageHeight" Required="FALSE"
                ID="{3d3fd707-1410-4653-80f7-469d1a9ae7e4}"
                Name="PageHeight" />
      <FieldRef DisplayName="PageTitle" Required="FALSE"
                ID="{e6a70da5-3ea5-4cfa-bfd2-8325eac3839d}"
                Name="PageTitle"/>

      <FieldRef DisplayName="PageWidth" Required="FALSE"
                ID="{7a3d65b8-352e-4440-b365-46ed5313aa77}"
                Name="PageWidth"/>
      <FieldRef DisplayName="Path" Required="FALSE"
                ID="{933443af-92b5-4bbc-a077-8fdec8069b46}"
                Name="Path"/>
      <FieldRef DisplayName="ReportConfigUrl" Required="FALSE"  Format="Hyperlink"
                ID="{3f72791b-7aa2-42b5-9c25-de3d31aa8c41}"
                Name="ReportConfigUrl"/>
      <FieldRef DisplayName="ReportType" Required="FALSE"   Format="Dropdown"
                ID="{854bc8ae-c758-4cfc-9498-11c6440811a9}"
                Name="ReportType"/>
      <FieldRef DisplayName="TargetAudience"  Required="FALSE"
                ID="{905549ab-b4f4-4a84-b0a2-2daf2d4744dc}"
                Name="TargetAudience"/>
      <FieldRef DisplayName="ReportContent" Required="FALSE" Format=""
                ID="{76ef1d83-b635-42ee-a8f5-d1ab41b38c82}"
                Name="ReportContent" />

      <FieldRef DisplayName="ExcelReportUrl" Required="FALSE"  Format="Hyperlink"
                ID="{91e5bf86-9e58-44a5-b3ff-56cbe835bfa0}"
                Name="ExcelReportUrl"/>
      <FieldRef DisplayName="MSTRReportUrl" Required="FALSE"
                Format="Hyperlink"
                ID="{b0a2e26f-4979-4e01-a317-31a733368628}"
                Name="MSTRReportUrl"/>
      <FieldRef DisplayName="PdfReportUrl" Required="FALSE"
                Format="Hyperlink"
                ID="{827d67d2-bc3f-409e-909a-b8dc68107d90}"
                Name="PdfReportUrl"/>

      <FieldRef DisplayName="NetworkExcelFilePath"
                Required="FALSE"
                ID="{0d800e7d-b11b-46ef-8692-fa39e2745b55}"
                Name="NetworkExcelFilePath"/>


      <FieldRef DisplayName="NetworkPdfFilePath" Required="FALSE"
                ID="{581e4bce-8c08-4c39-a163-9a51cbd308c7}"
                Name="NetworkPdfFilePath"/>

      <FieldRef DisplayName="SubMenuGroup" Required="FALSE"
                 ID="{1d9487c5-ca8d-4bc4-88de-c1e714ccc5a7}"
                 Name="SubMenuGroup"/>

    </FieldRefs>
  </ContentType>
</Elements>
