<?xml version="1.0" encoding="utf-8"?>
<Elements xmlns="http://schemas.microsoft.com/sharepoint/">
  <Field ID="{c042a256-787d-4a6f-8a8a-cf6ab767f12d}" Name="ContentType" SourceID="http://schemas.microsoft.com/sharepoint/v3" StaticName="ContentType" Group="_Hidden" Type="Computed" DisplayName="Content Type" Sealed="TRUE" Sortable="FALSE" RenderXMLUsingPattern="TRUE" PITarget="MicrosoftWindowsSharePointServices" PIAttribute="ContentTypeID" Customization="">
    <FieldRefs>
      <FieldRef ID="{03e45e84-1992-4d42-9116-26f756012634}" Name="ContentTypeId" />
    </FieldRefs>
    <DisplayPattern>
      <MapToContentType>
        <Column Name="ContentTypeId" />
      </MapToContentType>
    </DisplayPattern>
  </Field>
  <Field ID="{5f47e085-2150-41dc-b661-442f3027f552}" Name="SelectFilename" SourceID="http://schemas.microsoft.com/sharepoint/v3" StaticName="SelectFilename" Group="_Hidden" ReadOnly="TRUE" Type="Computed" DisplayName="Select" Hidden="TRUE" CanToggleHidden="TRUE" Filterable="FALSE" AuthoringInfo="(web part connection)" HeaderImage="blank.gif" Sortable="FALSE" Customization="">
    <FieldRefs>
      <FieldRef ID="{1d22ea11-1e32-424e-89ab-9fedbadb6ce1}" Name="ID" />
    </FieldRefs>
    <DisplayPattern>
      <IfEqual>
        <Expr1>
          <GetVar Name="SelectedID" />
        </Expr1>
        <Expr2>
          <Column Name="ID" />
        </Expr2>
        <Then>
          <HTML><![CDATA[<img align="absmiddle" style="cursor: hand" src="/_layouts/images/rbsel.gif" alt="]]></HTML>
          <HTML>Selected</HTML>
          <HTML><![CDATA[">]]></HTML>
        </Then>
        <Else>
          <HTML><![CDATA[<a href="javascript:SelectField(']]></HTML>
          <GetVar Name="View" />
          <HTML><![CDATA[',']]></HTML>
          <ScriptQuote NotAddingQuote="TRUE">
            <Column Name="ID" />
          </ScriptQuote>
          <HTML><![CDATA[');return false;" onclick="javascript:SelectField(']]></HTML>
          <GetVar Name="View" />
          <HTML><![CDATA[',']]></HTML>
          <ScriptQuote NotAddingQuote="TRUE">
            <Column Name="ID" />
          </ScriptQuote>
          <HTML><![CDATA[');return false;" target="_self">]]></HTML>
          <HTML><![CDATA[<img border="0" align="absmiddle" style="cursor: hand" src="/_layouts/images/rbunsel.gif"  alt="]]></HTML>
          <HTML>Normal</HTML>
          <HTML><![CDATA[">]]></HTML>
          <HTML><![CDATA[</a>]]></HTML>
        </Else>
      </IfEqual>
    </DisplayPattern>
  </Field>
  <Field ID="{8553196d-ec8d-4564-9861-3dbe931050c8}" Name="FileLeafRef" SourceID="http://schemas.microsoft.com/sharepoint/v3" StaticName="FileLeafRef" Group="_Hidden" ShowInFileDlg="FALSE" ShowInVersionHistory="FALSE" Type="File" DisplayName="Name" AuthoringInfo="(for use in forms)" List="Docs" FieldRef="ID" ShowField="LeafName" JoinColName="DoclibRowId" JoinRowOrdinal="0" JoinType="INNER" Required="TRUE" Customization="" />
  <Field ID="{8c06beca-0777-48f7-91c7-6da68bc07b69}" Name="Created" SourceID="http://schemas.microsoft.com/sharepoint/v3" StaticName="Created" Group="_Hidden" ColName="tp_Created" RowOrdinal="0" ReadOnly="TRUE" Type="DateTime" DisplayName="Created" StorageTZ="TRUE" Hidden="TRUE" Customization="" />
  <Field ID="{fa564e0f-0c70-4ab9-b863-0177e6ddd247}" Name="Title" SourceID="http://schemas.microsoft.com/sharepoint/v3" StaticName="Title" Group="_Hidden" Type="Text" DisplayName="Title" Required="FALSE" FromBaseType="TRUE" Customization="" ShowInNewForm="FALSE" ShowInEditForm="TRUE" />
  <Field ID="{28cf69c5-fa48-462a-b5cd-27b6f9d2bd5f}" Name="Modified" SourceID="http://schemas.microsoft.com/sharepoint/v3" StaticName="Modified" Group="_Hidden" ColName="tp_Modified" RowOrdinal="0" ReadOnly="TRUE" Type="DateTime" DisplayName="Modified" StorageTZ="TRUE" Hidden="TRUE" Customization="" />
  <Field ID="{822c78e3-1ea9-4943-b449-57863ad33ca9}" Name="Modified_x0020_By" SourceID="http://schemas.microsoft.com/sharepoint/v3" StaticName="Modified_x0020_By" Group="_Hidden" ReadOnly="TRUE" Hidden="FALSE" Type="Text" DisplayName="Document Modified By" Customization="" />
  <Field ID="{4dd7e525-8d6b-4cb4-9d3e-44ee25f973eb}" Name="Created_x0020_By" SourceID="http://schemas.microsoft.com/sharepoint/v3" StaticName="Created_x0020_By" Group="_Hidden" ReadOnly="TRUE" Hidden="FALSE" Type="Text" DisplayName="Document Created By" Customization="" />
  <Field ID="{9da97a8a-1da5-4a77-98d3-4bc10456e700}" Type="Note" RichText="TRUE" Name="Comments" Group="_Hidden" DisplayName="Comments" Sortable="FALSE" SourceID="http://schemas.microsoft.com/sharepoint/v3" StaticName="Comments" Customization="" />
  <Field ID="{51d39414-03dc-4bd0-b777-d3e20cb350f7}" Name="PublishingStartDate" StaticName="PublishingStartDate" SourceID="http://schemas.microsoft.com/sharepoint/v3" Group="Publishing Columns" DisplayName="Scheduling Start Date" Type="PublishingScheduleStartDateFieldType" Required="FALSE" CanToggleHidden="TRUE" Sealed="TRUE" StorageTZ="UTC" Customization="" />
  <Field ID="{a990e64f-faa3-49c1-aafa-885fda79de62}" Name="PublishingExpirationDate" StaticName="PublishingExpirationDate" SourceID="http://schemas.microsoft.com/sharepoint/v3" Group="Publishing Columns" DisplayName="Scheduling End Date" Type="PublishingScheduleEndDateFieldType" Required="FALSE" CanToggleHidden="TRUE" Sealed="TRUE" StorageTZ="UTC" Customization="" />
  <Field ID="{aea1a4dd-0f19-417d-8721-95a1d28762ab}" Name="PublishingContact" StaticName="PublishingContact" SourceID="http://schemas.microsoft.com/sharepoint/v3" Group="Publishing Columns" DisplayName="Contact" Type="User" Required="FALSE" Sealed="TRUE" List="UserInfo" Customization="" />
  <Field ID="{c79dba91-e60b-400e-973d-c6d06f192720}" Name="PublishingContactEmail" StaticName="PublishingContactEmail" SourceID="http://schemas.microsoft.com/sharepoint/v3" Group="Publishing Columns" DisplayName="Contact E-Mail Address" Type="Text" Required="FALSE" Sealed="TRUE" MaxLength="255" Customization="" />
  <Field ID="{7546ad0d-6c33-4501-b470-fb3003ca14ba}" Name="PublishingContactName" StaticName="PublishingContactName" SourceID="http://schemas.microsoft.com/sharepoint/v3" Group="Publishing Columns" DisplayName="Contact Name" Type="Text" Required="FALSE" Sealed="TRUE" MaxLength="255" Customization="" />
  <Field ID="{dc47d55f-9bf9-494a-8d5b-e619214dd19a}" Name="PublishingContactPicture" StaticName="PublishingContactPicture" SourceID="http://schemas.microsoft.com/sharepoint/v3" Group="Publishing Columns" DisplayName="Contact Picture" Type="URL" Format="Image" Required="FALSE" Sealed="TRUE" Customization="" />
  <Field ID="{0f800910-b30d-4c8f-b011-8189b2297094}" Name="PublishingPageLayout" StaticName="PublishingPageLayout" SourceID="http://schemas.microsoft.com/sharepoint/v3" Group="Publishing Columns" DisplayName="Page Layout" Type="URL" Required="FALSE" Sealed="TRUE" ReadOnly="TRUE" Customization="" />
  <Field ID="{914fdb80-7d4f-4500-bf4c-ce46ad7484a4}" Name="PublishingVariationGroupID" StaticName="PublishingVariationGroupID" SourceID="http://schemas.microsoft.com/sharepoint/v3" Group="_Hidden" DisplayName="Variation Group ID" Type="Text" Required="FALSE" Sealed="TRUE" Hidden="TRUE" MaxLength="255" Customization="" />
  <Field ID="{766da693-38e5-4b1b-997f-e830b6dfcc7b}" Name="PublishingVariationRelationshipLinkFieldID" StaticName="PublishingVariationRelationshipLinkFieldID" SourceID="http://schemas.microsoft.com/sharepoint/v3" Group="_Hidden" DisplayName="Variation Relationship Link" Type="URL" Required="FALSE" Sealed="TRUE" Hidden="TRUE" Customization="" />
  <Field ID="{543BC2CF-1F30-488e-8F25-6FE3B689D9AC}" Name="PublishingRollupImage" StaticName="PublishingRollupImage" SourceID="http://schemas.microsoft.com/sharepoint/v3" Group="Page Layout Columns" DisplayName="Rollup Image" Type="Image" Required="FALSE" Sealed="TRUE" RichText="TRUE" RichTextMode="FullHtml" Customization="" />
  <Field ID="{61cbb965-1e04-4273-b658-eedaa662f48d}" Name="Audience" StaticName="Audience" SourceID="http://schemas.microsoft.com/sharepoint/v3" Group="Publishing Columns" DisplayName="Target Audiences" Type="TargetTo" Required="FALSE" Sealed="TRUE" Customization="" />
  <Field ID="{3de94b06-4120-41a5-b907-88773e493458}" Name="PublishingPageImage" StaticName="PublishingPageImage" SourceID="http://schemas.microsoft.com/sharepoint/v3" Group="Page Layout Columns" DisplayName="Page Image" Type="Image" Required="FALSE" Sealed="TRUE" RichText="TRUE" RichTextMode="FullHtml" Customization="" />
  <Field ID="{F55C4D88-1F2E-4ad9-AAA8-819AF4EE7EE8}" Name="PublishingPageContent" StaticName="PublishingPageContent" SourceID="http://schemas.microsoft.com/sharepoint/v3" Group="Page Layout Columns" DisplayName="Page Content" Type="HTML" Required="FALSE" Sealed="TRUE" RichText="TRUE" RichTextMode="FullHtml" Customization="" />
  <Field ID="{B3525EFE-59B5-4f0f-B1E4-6E26CB6EF6AA}" Name="SummaryLinks" StaticName="SummaryLinks" SourceID="http://schemas.microsoft.com/sharepoint/v3" Group="Page Layout Columns" DisplayName="Summary Links" Type="SummaryLinks" Required="FALSE" Sealed="TRUE" RichText="TRUE" RichTextMode="FullHtml" Customization="" />
  <Field ID="{D3429CC9-ADC4-439b-84A8-5679070F84CB}" Name="ArticleByLine" StaticName="ArticleByLine" SourceID="http://schemas.microsoft.com/sharepoint/v3" Group="Page Layout Columns" DisplayName="Byline" Type="Text" Required="FALSE" Sealed="TRUE" MaxLength="255" Customization="" />
  <Field ID="{71316CEA-40A0-49f3-8659-F0CEFDBDBD4F}" Name="ArticleStartDate" StaticName="ArticleStartDate" SourceID="http://schemas.microsoft.com/sharepoint/v3" Group="Publishing Columns" DisplayName="Article Date" Type="DateTime" Format="DateOnly" Required="FALSE" Sealed="TRUE" StorageTZ="UTC" Customization="" />
  <Field ID="{66F500E9-7955-49ab-ABB1-663621727D10}" Name="PublishingImageCaption" StaticName="PublishingImageCaption" SourceID="http://schemas.microsoft.com/sharepoint/v3" Group="Page Layout Columns" DisplayName="Image Caption" Type="HTML" Required="FALSE" Sealed="TRUE" RichText="TRUE" RichTextMode="FullHtml" Customization="" />
  <Field ID="{a932ec3f-94c1-48b1-b6dc-41aaa6eb7e54}" Name="HeaderStyleDefinitions" StaticName="HeaderStyleDefinitions" SourceID="http://schemas.microsoft.com/sharepoint/v3" Group="Page Layout Columns" DisplayName="Style Definitions" Type="HTML" Required="FALSE" Sealed="TRUE" RichText="TRUE" RichTextMode="FullHtml" Hidden="TRUE" ForcePromoteDemote="TRUE" Customization="" />
  <Field Type="Text" DisplayName="PageDisplayName" Required="FALSE" EnforceUniqueValues="FALSE" Indexed="FALSE" MaxLength="255" Group="RPXSiteColumns" ID="{68838dfc-676a-4593-9bd5-7b22d1135c54}" SourceID="{c5387cda-6cc5-428d-910b-3a02c79ca9eb}" StaticName="PageDisplayName" Name="PageDisplayName" Customization="" />
  <Field Type="Number" DisplayName="PageHeight" Required="FALSE" EnforceUniqueValues="FALSE" Indexed="FALSE" Group="RPXSiteColumns" ID="{3d3fd707-1410-4653-80f7-469d1a9ae7e4}" SourceID="{c5387cda-6cc5-428d-910b-3a02c79ca9eb}" StaticName="PageHeight" Name="PageHeight" Customization="" >
    <Default>800</Default>
  </Field>
  <Field Type="Text" DisplayName="PageTitle" Required="FALSE" EnforceUniqueValues="FALSE" Indexed="FALSE" MaxLength="255" Group="RPXSiteColumns" ID="{e6a70da5-3ea5-4cfa-bfd2-8325eac3839d}" SourceID="{c5387cda-6cc5-428d-910b-3a02c79ca9eb}" StaticName="PageTitle" Name="PageTitle" Customization="" />
  <Field Type="Number" DisplayName="PageWidth" Required="FALSE" EnforceUniqueValues="FALSE" Indexed="FALSE" Group="RPXSiteColumns" ID="{7a3d65b8-352e-4440-b365-46ed5313aa77}" SourceID="{c5387cda-6cc5-428d-910b-3a02c79ca9eb}" StaticName="PageWidth" Name="PageWidth" Customization="" >
    <Default>1100</Default>
  </Field>
  <Field Type="Text" DisplayName="Path" Required="FALSE" EnforceUniqueValues="FALSE" Indexed="FALSE" MaxLength="255" Group="RPXSiteColumns" ID="{933443af-92b5-4bbc-a077-8fdec8069b46}" SourceID="{c5387cda-6cc5-428d-910b-3a02c79ca9eb}" StaticName="Path" Name="Path" Customization="" />
  <Field Type="URL" DisplayName="ReportConfigUrl" Required="FALSE" EnforceUniqueValues="FALSE" Indexed="FALSE" Format="Hyperlink" Group="RPXSiteColumns" ID="{3f72791b-7aa2-42b5-9c25-de3d31aa8c41}" SourceID="{c5387cda-6cc5-428d-910b-3a02c79ca9eb}" StaticName="ReportConfigUrl" Name="ReportConfigUrl" Customization="" />
  <Field Type="Choice" DisplayName="ReportType" Required="FALSE" EnforceUniqueValues="FALSE" Indexed="FALSE" Format="Dropdown" FillInChoice="FALSE" Group="RPXSiteColumns" ID="{854bc8ae-c758-4cfc-9498-11c6440811a9}" SourceID="{c5387cda-6cc5-428d-910b-3a02c79ca9eb}" StaticName="ReportType" Name="ReportType" Customization="">
    <Default>Sales force</Default>
    <CHOICES>
      <CHOICE>Sales force</CHOICE>
      <CHOICE>Tableau</CHOICE>
      <CHOICE>Micro Strategy</CHOICE>
      <CHOICE>Pdf-BIPortal</CHOICE>
      <CHOICE>Pdf-NetworkPath</CHOICE>
      <CHOICE>Excel-BIPortal</CHOICE>
      <CHOICE>Excel-NetworkPath</CHOICE>
    </CHOICES>
  </Field>

  <Field Type="UserMulti" DisplayName="TargetAudience" List="UserInfo" 
         Required="FALSE" EnforceUniqueValues="FALSE" ShowField="ImnName" 
         UserSelectionMode="PeopleAndGroups" UserSelectionScope="0" 
         Mult="TRUE" Sortable="FALSE" Group="RPXSiteColumns" 
         ID="{905549ab-b4f4-4a84-b0a2-2daf2d4744dc}" 
         SourceID="{c5387cda-6cc5-428d-910b-3a02c79ca9eb}" 
         StaticName="TargetAudience" Name="TargetAudience" 
         Customization="" >
  </Field>


  <Field Type="HTML" DisplayName="ReportContent" RichText="TRUE" RichTextMode="FullHtml" Required="FALSE" Group="RPXSiteColumns" ID="{76ef1d83-b635-42ee-a8f5-d1ab41b38c82}" SourceID="{c74284d4-8559-464e-8b7c-43983164377c}" StaticName="ReportContent" Name="ReportContent" />
  <Field Type="URL" DisplayName="ExcelReportUrl" Required="FALSE" EnforceUniqueValues="FALSE" Indexed="FALSE" Format="Hyperlink" Group="RPXSiteColumns" ID="{91e5bf86-9e58-44a5-b3ff-56cbe835bfa0}" SourceID="{e6f8cd36-94b0-48c6-9089-db39514e6f91}" StaticName="ExcelReportUrl" Name="ExcelReportUrl"/>
  <Field Type="URL" DisplayName="MSTRReportUrl" Required="FALSE" EnforceUniqueValues="FALSE" Indexed="FALSE" Format="Hyperlink" Group="RPXSiteColumns" ID="{b0a2e26f-4979-4e01-a317-31a733368628}" SourceID="{e6f8cd36-94b0-48c6-9089-db39514e6f91}" StaticName="MSTRReportUrl" Name="MSTRReportUrl"/>
  <Field Type="URL" DisplayName="PdfReportUrl" Required="FALSE" EnforceUniqueValues="FALSE" Indexed="FALSE" Format="Hyperlink" Group="RPXSiteColumns" ID="{827d67d2-bc3f-409e-909a-b8dc68107d90}" SourceID="{e6f8cd36-94b0-48c6-9089-db39514e6f91}" StaticName="PdfReportUrl" Name="PdfReportUrl"/>
  <Field Type="Note" DisplayName="ReportMarkUp" Required="FALSE" EnforceUniqueValues="FALSE" Indexed="FALSE" NumLines="6" RichText="FALSE" Sortable="FALSE" ID="{ebcf8a6e-0afb-4845-a7f9-58ce717b9262}" SourceID="{915f2e59-c58f-4aa8-b37d-4cb648172c34}" StaticName="ReportMarkUp" Name="ReportMarkUp" ColName="ntext3" RowOrdinal="0" />
  <Field Type="Text" DisplayName="NetworkExcelFilePath" Required="FALSE" EnforceUniqueValues="FALSE" Indexed="FALSE" MaxLength="255" Group="RPXSiteColumns" ID="{0d800e7d-b11b-46ef-8692-fa39e2745b55}" SourceID="{ec930dcd-c2e5-4edb-b5c5-37d7de889a87}" StaticName="NetworkExcelFilePath" Name="NetworkExcelFilePath">
  </Field>

  <Field Type="Text" DisplayName="NetworkPdfFilePath" Required="FALSE" EnforceUniqueValues="FALSE" Indexed="FALSE" MaxLength="255" Group="RPXSiteColumns" ID="{581e4bce-8c08-4c39-a163-9a51cbd308c7}" SourceID="{ec930dcd-c2e5-4edb-b5c5-37d7de889a87}" StaticName="NetworkPdfFilePath" Name="NetworkPdfFilePath">
  </Field>

  <Field Type="Lookup" DisplayName="SubMenuGroup" Required="FALSE"
         EnforceUniqueValues="FALSE"
         List="List/SubMenuGroups"
         WebId="~sitecollection"
         ShowField="Title" UnlimitedLengthInDocumentLibrary="FALSE"
         Group="RPXSiteColumns" ID="{1d9487c5-ca8d-4bc4-88de-c1e714ccc5a7}"
         SourceID="{7820b358-62a2-4766-a3bb-b859286ddfd9}"
         StaticName="SubMenuGroup" Name="SubMenuGroup" Overwrite="TRUE" />
  
  <!--RPX Links SiteColmns Start-->
  <Field
      ID="{2cb90c8d-10af-4518-8b03-cb2ce26d27a6}"
      Name="OpenInNewWindow"
      DisplayName="Open In New Window"
      Type="Choice"
      Required="FALSE"
      Group="Custom Site Columns">
    <Default>False</Default>
    <CHOICES>
      <CHOICE>True</CHOICE>
      <CHOICE>False</CHOICE>
    </CHOICES>
  </Field>

  <Field Type="URL" DisplayName="Target Url"
         Required="FALSE" EnforceUniqueValues="FALSE" 
         Indexed="FALSE" Format="Hyperlink" Group="Custom Columns"
         ID="{e6fc2d2d-4960-420c-a0ce-bb68c676579f}"
         SourceID="{e6f8cd36-94b0-48c6-9089-db39514e6f91}" 
         StaticName="TargetUrl" Name="TargetUrl">
  </Field>
  <!--RPX Links SiteColmns End-->
</Elements>
